-- tables creation

create table osoby
(
    id_osoby    integer primary key generated by default as identity,
    pesel       char(11) unique      not null,
    email       varchar(1000) unique not null,
    imie        varchar(1000)        not null,
    drugie_imie varchar(1000),
    nazwisko    varchar(1000)        not null,
    haslo       varchar(1000)        not null,
    nr_telefonu varchar(15)
);

create table dyrektorstwo
(
    osoba         integer references osoby (id_osoby) primary key,
    wyksztalcenie varchar(100)
);
create table nauczyciele
(
    osoba         integer references osoby (id_osoby) primary key,
    wyksztalcenie varchar(100)
);
create table klasy
(
    id_klasy integer primary key generated by default as identity,
    nazwa    varchar(4) not null unique
);
create table uczniowie
(
    osoba integer references osoby (id_osoby) primary key,
    klasa integer references klasy (id_klasy) not null
);
alter table klasy
    add column wychowawca integer unique references nauczyciele (osoba);
alter table klasy
    add column przewodniczacy integer references uczniowie (osoba);
alter table klasy
    add column wiceprzewodniczacy integer references uczniowie (osoba);
alter table klasy
    add column skarbnik integer references uczniowie (osoba);

create type typUwagi as enum ('P', 'N'); -- pozytywna / negatywna
create table uwagi
(
    id_uwagi         integer primary key generated by default as identity,
    uczen            integer references uczniowie (osoba)   not null,
    wystawiajacy     integer references nauczyciele (osoba) not null,
    data_wystawienia timestamp                              not null,
    tresc            varchar(10000),
    typ              char(1) check ( typ = 'P' or typ = 'N' )
);
create table przedmioty
(
    id_przedmiotu integer primary key generated by default as identity,
    nazwa         varchar(200) not null
);
create table sale
(
    nr_sali integer primary key
);
create table godziny_lekcyjne
(
    nr_godziny integer primary key,
    "od"       time not null,
    "do"       time not null
);
create table zajecia
(
    id_zajec         integer primary key generated by default as identity,
    dzien_tygodnia   integer check ( dzien_tygodnia between 1 and 7)  not null,
    godzina_lekcyjna integer references godziny_lekcyjne (nr_godziny) not null,
    przedmiot        integer references przedmioty (id_przedmiotu)    not null,
    klasa            integer references klasy (id_klasy)              not null,
    prowadzacy       integer references nauczyciele (osoba)           not null,
    sala             integer references sale (nr_sali)                not null,
    unique (klasa, przedmiot, prowadzacy)
);
create table instancje_zajec
(
    id_instancji     integer primary key generated by default as identity,
    data             date                                             not null,
    godzina_lekcyjna integer references godziny_lekcyjne (nr_godziny) not null,
    przedmiot        integer references przedmioty (id_przedmiotu)    not null,
    klasa            integer references klasy (id_klasy)              not null,
    prowadzacy       integer references nauczyciele (osoba)           not null,
    sala             integer references sale (nr_sali)                not null,
    temat            varchar(100)                                     not null
);

create table nauczyciele_przedmioty
(
    nauczyciel integer references nauczyciele (osoba)        not null,
    przedmiot  integer references przedmioty (id_przedmiotu) not null,
    primary key (nauczyciel, przedmiot)
);

create type kategoriaOceny as enum ('sprawdzian', 'kartkowka', 'odpowiedz', 'zadanie', 'aktywnosc', 'inne');
create table oceny
(
    ocena            integer primary key generated by default as identity,
    uczen            integer references uczniowie (osoba)                                              not null,
    data_wystawienia timestamp                                                                         not null,
    zajecia          integer references instancje_zajec (id_instancji)                                 not null,
    wartosc          numeric(3, 2) check (wartosc between 1.00 and 6.00) check ( wartosc * 2 % 1 = 0 ) not null,
    waga             numeric(1, 0)                                                                     not null,
    kategoria        kategoriaOceny                                                                    not null,
    opis             varchar(50)
);

create table oceny_koncowe
(
    id        integer primary key generated by default as identity,
    wartosc   integer check (wartosc between 1 and 6),
    uczen     integer references uczniowie (osoba)          not null,
    przedmiot integer references przedmioty (id_przedmiotu) not null,
    rok       numeric(4, 0)                                 not null,
    semestr   integer check (semestr between 1 and 2)       not null,
    unique (uczen, przedmiot)
);

create type statusObecnosci as enum ('O', 'N', 'U', 'NU', 'Z');
create table obecnosci
(
    id                integer primary key generated by default as identity,
    uczen             integer references uczniowie (osoba),
    instancja_zajecia integer references instancje_zajec (id_instancji),
    status            statusObecnosci not null,
    unique (uczen, instancja_zajecia)
);

/*
-- Insertion of example values
insert into osoby (pesel, email, imie, drugie_imie, nazwisko, haslo, nr_telefonu)
values ('11111111111','jan@gmail.com', 'Jan', 'Piotr', 'Kowalski', 'abcd123', '+48888888888'),
       ('22222222222','pio@gmail.com', 'Piotr', 'Tomasz', 'Jaworski', 'abcddfsdf', '+48843888888'),
       ('55555555555', 'tomcio@gmail.com', 'Tomasz', null, 'Zięba', 'sec4tcte4ct', '+48888888628'),
       ('22222333333', 'aga@gmail.com', 'Agata', null, 'Chłopska', 'cetdrf', '+48888865388'),
       ('77777777754', 'jmn@email.com', 'Jan', 'Michał', 'Niedźwiedź', 'crg5', '+48888854388'),
       ('22222333334', 'jajaja@gmail.com', 'Justyna', 'Anna', 'Jaszczur', 'hfctgvy4e5', '+48887568888'),
       ('22222266666', 'grazynka@onet.com', 'Grażyna', 'Michalina', 'Kąsacz', '3wr4cr', '+48667888888'),
       ('98679897879', 'grzegorzchwast@gmail.com', 'Grzegorz', null, 'Chwast', 'vfthAA', '+48888798788'),
       ('56765467675', 'jadwigaosiem@gmail.com', 'Jadwiga', 'Maria', 'Osiem', 'VD5TR4a', '+48882345488'),
       ('33443344334', 'knyszy@wp.com', 'Donald', 'Gustaw', 'Knyszy', 'httfdf', '+48878898080'),
       ('22221234222', 'tomasz@gmail.com', 'Tomasz', 'Michał', 'Jaworski', 'ab2222ddfsdf', '+48843855555'),
       ('55513455555', 'januszek@gmail.com', 'Janusz', null, 'Zięba', 'sec4ttsss', '+48238888628');

insert into klasy (nazwa)
values ('1A'),
       ('1B'),
       ('2A'),
       ('3A');


insert into nauczyciele (osoba, wyksztalcenie)
values (5, 'Magister'),
       (10, 'Magister'),
       (1, 'Technik');

insert into uczniowie (osoba, klasa)
values (2, 1),
       (3, 1),
       (4, 3),
       (6, 3),
       (7, 2),
       (8, 2),
       (9, 4),
       (11, 1),
       (12, 2);

update klasy
set wychowawca = 1
where id_klasy = 1;

update klasy
set wychowawca = 10
where id_klasy = 3;

update klasy
set wychowawca = 5,
przewodniczacy = 8
where id_klasy = 1;


insert into sale (nr_sali)
values (101),
       (102),
       (201),
       (202);

insert into przedmioty (nazwa)
values ('Matematyka'),
       ('Język Polski'),
       ('Geografia'),
       ('Fizyka'),
       ('Język Francuski');

insert into godziny_lekcyjne (nr_godziny, od, "do")
values (1, '08:00:00', '08:45:00'),
       (2, '09:00:00', '09:45:00'),
       (3, '10:00:00', '10:45:00'),
       (4, '11:00:00', '11:45:00');

insert into zajecia (dzien_tygodnia, godzina_lekcyjna, przedmiot, klasa, prowadzacy, sala)
values (1, 1, 1, 1, 5, 101),
       (1, 2, 2, 1, 10, 201),
       (2, 1, 3, 2, 5, 101),
       (2, 2, 4, 2, 10, 201),
       (3, 1, 5, 3, 5, 101),
       (3, 2, 1, 3, 10, 201),
       (4, 1, 2, 4, 5, 101),
       (4, 2, 3, 4, 10, 201);

insert into uwagi (uczen, wystawiajacy, data_wystawienia, tresc, typ)
values (4, 1, '2018-03-14 12:30:40', 'Wzorowe zachowanie przy tablicy', 'P'),
       (2, 10, '2018-02-04 09:25:14', 'Uczeń nie reagował na moje uwagi', 'N'),
       (3, 5, '2017-11-23 14:16:34', 'Dobrze sprawował obowiązki dyżurnego', 'P'),
       (4, 5, '2016-10-11 12:20:41', 'Dobrze sprawował obowiązki dyżurnego', 'P'),
       (8, 1, '2017-05-20 08:35:10', 'Nie wywiązał się ze swoich obowiązków wobec klasy', 'N'),
       (9, 10, '2016-03-12 08:20:11', 'Źle wykonał swoje obowiązki', 'N'),
       (4, 1, '2017-03-01 09:34:30', 'Uczeń jadł na lekcji', 'N'),
       (7, 1, '2015-04-27 10:28:36', 'Uczeń ochoczo zastąpił kolegę w obowiązkach', 'P');

insert into instancje_zajec (data, godzina_lekcyjna, przedmiot, klasa, prowadzacy, sala, temat)
values
    (now()::date - 1, 1, 1, 1, 5, 101, 'A'),
       (now()::date - 2, 4, 1, 1, 1, 102, 'B'),
       (now()::date - 1, 2, 1, 1, 10, 201, 'A'),
       (now()::date - 2, 3, 1, 1, 10, 102, 'B'),
       (now()::date - 3, 2, 1, 1, 1, 202, 'A'),
       (now()::date - 3, 1, 1, 1, 10, 101, 'B'),
       (now()::date - 4, 3, 1, 1, 5, 102, 'C'),
       (now()::date - 4, 2, 1, 1, 5, 201, 'D'),
       (now()::date - 5, 4, 1, 1, 1, 101, 'E');

insert into obecnosci (uczen, instancja_zajecia, status)
values (4, 1, 'O'),
       (6, 2, 'N'),
       (3, 3, 'O'),
       (8, 1, 'Z'),
       (4, 5, 'O'),
       (2, 4, 'NU'),
       (9, 1, 'O'),
       (7, 3, 'N'),
       (2, 2, 'U');

insert into oceny (uczen, data_wystawienia, zajecia, wartosc, waga, kategoria, opis)
values (4, '2018-03-14 12:30:40', 4, 3.50, 1, 'kartkowka', 'kartkowka z trzech ostatnich lekcji'),
       (3, '2017-05-20 08:35:10', 4, 4.50, 3, 'sprawdzian', 'sprawdzian z 5. działu'),
       (4, '2018-02-04 09:25:14', 4, 2.50, 1, 'odpowiedz', 'odpowiedź z trzech ostatnich leckji'),
       (2, '2016-10-11 12:20:41', 4, 4.00, 1, 'odpowiedz', 'odpowiedź grupowa'),
       (8, '2018-03-14 12:30:40', 4, 2.50, 2, 'kartkowka', 'kartkowka z trzech ostatnich lekcji'),
       (6, '2018-02-04 09:25:14', 4, 1.50, 1, 'sprawdzian', 'sprawdzian z 4 dzialu'),
       (7, '2016-10-11 12:20:41', 4, 3.00, 1, 'odpowiedz', 'odpowiedź grupowa'),
       (4, '2017-05-20 08:35:10', 4, 4.50, 1, 'sprawdzian', 'sprawdzian z 3. działu'),
       (3, '2018-02-04 09:25:14', 4, 5.00, 1, 'kartkowka', 'kartkowka z trzech ostatnich lekcji'),
       (3, '2018-03-14 12:30:40', 4, 2.00, 1, 'sprawdzian', 'sprawdzian z 1. działu');


create function fill_linkers()
    returns void as
$$
declare
    row record;
    i   integer = 1;
begin
    for row in select * from zajecia z
        loop
            insert into nauczyciele_przedmioty (nauczyciel, przedmiot)
            values (row.prowadzacy, i)
            on conflict do nothing;
            i := i + 1;
            i := i % 5 + 1;
        end loop;
end;
$$ language 'plpgsql';

select fill_linkers();
drop function fill_linkers(); */